{"last_tab":"","omnis__logo__logo-main__multi":"17,18","omnis__logo__logo-main-dimensions":{"width":"130px","height":""},"omnis__logo__logo-main-dark__multi":"","omnis__logo__logo-main-light__multi":"15,16","omnis__logo__logo-sticky__multi":"20,21","omnis__logo__logo-sticky-dimensions":{"width":"","height":""},"omnis__logo__logo-sticky-dark__multi":"","omnis__logo__logo-sticky-light__multi":"22,19","omnis__layout__navigation":"standard","omnis__layout__navigation-side-layout":"standard","omnis__layout__navigation-position":"left","omnis__layout__layout":"wide","omnis__layout__container-width":{"width":"1580px"},"omnis__layout__bordered-gap":{"width":"30px","units":"px"},"omnis__layout__top-content":"none","omnis__layout__overlay-content":"overlay-additional-content-buy","omnis__layout__overlay-content-position":"top","omnis__layout__overlay-content-width":{"width":""},"omnis__layout__comments":"collapsible-hidden","omnis__layout__back-to-top":"1","omnis__layout_content__color":{"color":"#7b7b7b","alpha":"1","rgba":"rgba(123,123,123,1)"},"omnis__layout_content__bg-color":{"color":"#ffffff","alpha":"1","rgba":"rgba(255,255,255,1)"},"omnis__layout__body-color":{"color":"#1a1a1a","alpha":"1","rgba":"rgba(26,26,26,1)"},"omnis__layout__body-bg":{"background-repeat":"","background-size":"","background-attachment":"","background-position":"","background-image":"","media":{"id":"","height":"","width":"","thumbnail":""}},"omnis__layout_content__font-family":{"font-family":"0","google-font":"","font-weight":"0","font-size":"","line-height":"","letter-spacing":"","text-transform":"0","font-style":"0"},"omnis__layout_content__links":{"regular":"#1a1a1a","regular-alpha":"1","regular-rgba":"rgba(26,26,26,1)","hover":"","hover-alpha":"","hover-rgba":""},"omnis__layout_content__links-weight":"400","omnis__layout_content__headings_color":{"color":"#1a1a1a","alpha":"1","rgba":"rgba(26,26,26,1)"},"omnis__layout_content__headings":{"font-family":"0","google-font":"","font-weight":"0","letter-spacing":"","text-transform":"0","font-style":"0"},"omnis__layout_content__h1-size":{"font-size":"","line-height":"","letter-spacing":"","text-transform":"0"},"omnis__layout_content__h2-size":{"font-size":"","line-height":"","letter-spacing":"","text-transform":"0"},"omnis__layout_content__h3-size":{"font-size":"","line-height":"","letter-spacing":"","text-transform":"0"},"omnis__layout_content__h4-size":{"font-size":"","line-height":"","letter-spacing":"","text-transform":"0"},"omnis__layout_content__h5-size":{"font-size":"","line-height":"","letter-spacing":"","text-transform":"0"},"omnis__layout_content__h6-size":{"font-size":"","line-height":"","letter-spacing":"","text-transform":"0"},"omnis__layout_content__custom-typo-sizes":"","omnis__layout_content__inputs_bg_color":{"bg":"","bg-alpha":"","bg-rgba":"","text":"","text-alpha":"","text-rgba":""},"omnis__layout_content__border_color":{"color":"#000000","alpha":"0.05","rgba":"rgba(0,0,0,0.05)"},"omnis__layout_content__font-small-size":{"font-size":"","line-height":""},"omnis__layout_content__font-size-widget":{"font-size":"","line-height":""},"omnis__layout_content_transparency-push":"1","omnis__layout_content__padding":{"top":"inherit","bottom":"inherit","side":"inherit"},"omnis__layout_content__button":{"color":"","type":"","size":"","corners":""},"omnis__layout_content__button_typo":{"font-size":"","line-height":"","letter-spacing":"","text-transform":"0"},"omnis__layout_nav__container-width":"stretched","omnis__layout_nav__container-padding":{"side":"inherit"},"omnis__layout_nav__height":{"height":"85"},"omnis__layout_nav__side-width":{"width":"290"},"omnis__layout_nav__logo-alignment":"start","omnis__layout_nav__menu-alignment":"start","omnis__layout_nav__side-menu-alignment":"center","omnis__layout_nav__txt-skin":"txt--dark","omnis__layout_nav__txt-custom-links":{"regular":"","regular-alpha":"","regular-rgba":"","hover":"","hover-alpha":"","hover-rgba":"","active":"","active-alpha":"","active-rgba":""},"omnis__layout_nav__bg-color":{"color":"#ffffff","alpha":"1","rgba":"rgba(255,255,255,1)"},"omnis__layout_nav__border":{"style":"0","width":"","color":"","color-alpha":"","color-rgba":""},"omnis__layout_nav__shadow":"0","omnis__layout_nav__main-nav-typography":{"font-family":"0","google-font":"","font-weight":"0","font-size":"","line-height":"","letter-spacing":"","text-transform":"0","font-style":"0"},"omnis__layout_nav__main-nav-sec-typography":{"font-weight":"0","font-size":"","line-height":"","letter-spacing":"","text-transform":"0","font-style":"0"},"omnis__layout_nav__submenu-txt-skin":"txt--light","omnis__layout_nav__submenu-txt-custom-links":{"regular":"","regular-alpha":"","regular-rgba":"","hover":"","hover-alpha":"","hover-rgba":"","active":"","active-alpha":"","active-rgba":""},"omnis__layout_nav__submenu-bg-color":{"color":"#252525","alpha":"1","rgba":"rgba(37,37,37,1)"},"omnis__layout_nav__submenu-main-nav-typography":{"font-weight":"0","font-size":"","line-height":"","letter-spacing":"","text-transform":"0","font-style":"0"},"omnis__layout_nav__submenu-animation":"slide-up","omnis__layout_nav__sticky":"onscroll","omnis__layout_nav__sticky-logo-transition":"transition-top","omnis__layout_nav__sticky-height":{"height":"70"},"omnis__layout_nav__sticky-shadow":"drop-shadow","omnis__layout_nav__sticky-styling-option":"custom","omnis__layout_nav__sticky-txt-skin":"txt--dark","omnis__layout_nav__sticky-txt-custom-links":{"regular":"","regular-alpha":"","regular-rgba":"","hover":"","hover-alpha":"","hover-rgba":"","active":"","active-alpha":"","active-rgba":""},"omnis__layout_nav__sticky-bg-color":{"color":"#ffffff","alpha":"1","rgba":"rgba(255,255,255,1)"},"omnis__layout_nav__search-ajax":"1","omnis__layout_titlebar__elements":"none","omnis__layout_titlebar__container-width":"limited","omnis__layout_titlebar__hor-align":"","omnis__layout_titlebar__ver-align":"center","omnis__layout_titlebar__height":{"height":""},"omnis__layout_titlebar__content-padding":{"top":"triple","bottom":"inherit","side":"inherit"},"omnis__layout_titlebar__text-skin":"inherit","omnis__layout_titlebar__text-heading":{"heading":"","heading-alpha":"","heading-rgba":"","text":"","text-alpha":"","text-rgba":""},"omnis__layout_titlebar__bg-color":"","omnis__layout_titlebar__bg-source":"none","omnis__layout_titlebar__bg-image":{"background-repeat":"","background-size":"cover","background-attachment":"","background-position":"center center","background-image":"","media":{"id":"","height":"","width":"","thumbnail":""}},"omnis__layout_titlebar__bg-image-overlay":"rgba(0,0,0,0.7)","omnis__layout_titlebar__bg-custom-settings":"1","omnis__layout_titlebar__font-family":{"font-family":"0","google-font":"","font-weight":"0","font-size":"","line-height":"","letter-spacing":"","text-transform":"0","font-style":"0"},"omnis__layout_footer__elements":"none","omnis__layout_footer__display-copyright":"1","omnis__layout_footer__container-width":"limited","omnis__layout_footer__content-padding":{"top":"single","bottom":"single","side":"inherit"},"omnis__layout_footer__copyright-text":"<p>\u00a9 Copyrights [omnis_current_year] by [omnis_site_info]. All rights reserved. Images by\u00a0<a href=\"https:\/\/icons8.com\/\" target=\"_blank\" rel=\"noopener\">icons8<\/a>\u00a0&amp; <a href=\"https:\/\/unsplash.com\" target=\"_blank\" rel=\"noopener\">unsplash<\/a>.<br \/>This site uses <a href=\"http:\/\/www.aboutcookies.org.uk\/\" target=\"_blank\" rel=\"noopener\">cookies<\/a>. By using this site you agree that we may store and access cookies on your device.<\/p>","omnis__layout_footer__color":{"color":"#999999","alpha":"1","rgba":"rgba(153,153,153,1)"},"omnis__layout_footer__bg-color":{"color":"#1a1a1a","alpha":"1","rgba":"rgba(26,26,26,1)"},"omnis__layout_footer__links":{"regular":"","regular-alpha":"","regular-rgba":"","hover":"","hover-alpha":"","hover-rgba":""},"omnis__layout_footer__typography":{"font-size":"","line-height":"","text-transform":"0"},"omnis__layout_images__lazy":"1","omnis__layout_images__lazy-bg":"dominant","omnis__layout_images__lazy-img-bg":"1","omnis__layout_images__lazy-bg-custom":"","omnis__layout_images__lightbox":"1","omnis__layout_skin__dark":{"primary":"#1a1a1a","primary-alpha":"1","primary-rgba":"rgba(26,26,26,1)","secondary":"#7b7b7b","secondary-alpha":"1","secondary-rgba":"rgba(123,123,123,1)","border":"","border-alpha":"","border-rgba":""},"omnis__layout_skin__light":{"primary":"#ffffff","primary-alpha":"1","primary-rgba":"rgba(255,255,255,1)","secondary":"#ffffff","secondary-alpha":"0.6","secondary-rgba":"rgba(255,255,255,0.6)","border":"","border-alpha":"","border-rgba":""},"omnis__template__page":"none","omnis__template__post":"post-centered-thumbnail-splited-content","omnis__template__portfolio":"project-side","omnis__template__product":"template-no-titlebar","omnis__template__archive_shop":"none","omnis__template__archive":"archive-search-stack-row","omnis__template__search":"archive-search-splitted-small","omnis__google-api":"","redux-backup":"1"}