{ 
   "main-sidebar":{ 
      "search-2":{ 
         "title":""
      },
      "recent-posts-2":{ 
         "title":"",
         "number":5
      },
      "recent-comments-2":{ 
         "title":"",
         "number":5
      },
      "archives-2":{ 
         "title":"",
         "count":0,
         "dropdown":0
      },
      "categories-2":{ 
         "title":"",
         "count":0,
         "hierarchical":0,
         "dropdown":0
      },
      "meta-2":{ 
         "title":""
      }
   }
}