{ 
   "shop-sidebar":{ 
      "woocommerce_product_search-2":{ 
         "title":""
      },
      "woocommerce_product_categories-2":{ 
         "title":"Product categories",
         "orderby":"name",
         "dropdown":0,
         "count":1,
         "hierarchical":1,
         "show_children_only":0,
         "hide_empty":1,
         "max_depth":""
      },
      "woocommerce_layered_nav-2":{ 
         "title":"Filter by",
         "attribute":"color",
         "display_type":"list",
         "query_type":"and"
      },
      "woocommerce_rating_filter-2":{ 
         "title":"Average rating"
      },
      "woocommerce_price_filter-2":{ 
         "title":"Filter by price"
      },
      "woocommerce_layered_nav_filters-2":{ 
         "title":"Active filters"
      },
      "woocommerce_recent_reviews-2":{ 
         "title":"Recent reviews",
         "number":10
      },
      "woocommerce_recently_viewed_products-2":{ 
         "title":"Recently Viewed Products",
         "number":4
      },
      "woocommerce_widget_cart-2":{ 
         "title":"Cart",
         "hide_if_empty":0
      }
   }
}